id,battle_round_id/id,battle_faction_id/id,successes
battle_round_1_leadership_kiker,battle_round_1,battle_faction_kiker,3
battle_round_1_leadership_loch_chon,battle_round_1,battle_faction_loch_chon,3
battle_round_1_leadership_hel,battle_round_1,battle_faction_hel,3
battle_round_1_leadership_weaver,battle_round_1,battle_faction_weaver,3
battle_round_1_leadership_noot,battle_round_1,battle_faction_noot,3
battle_round_2_leadership_kiker,battle_round_2,battle_faction_kiker,3
battle_round_2_leadership_loch_chon,battle_round_2,battle_faction_loch_chon,3
battle_round_2_leadership_hel,battle_round_2,battle_faction_hel,3
battle_round_2_leadership_weaver,battle_round_2,battle_faction_weaver,3
battle_round_2_leadership_noot,battle_round_2,battle_faction_noot,3
battle_round_3_leadership_kiker,battle_round_3,battle_faction_kiker,3
battle_round_3_leadership_loch_chon,battle_round_3,battle_faction_loch_chon,3
battle_round_3_leadership_hel,battle_round_3,battle_faction_hel,3
battle_round_3_leadership_weaver,battle_round_3,battle_faction_weaver,3
battle_round_3_leadership_noot,battle_round_3,battle_faction_noot,3
