id,name,model_id,group_id/id,operation,domain
access_battle_unit_user,battle.unit.user,battle.unit,base.group_user_regular,r,
access_battle_unit_admin,battle.unit.admin,battle.unit,base.group_system,crud,
access_battle_trait_user,battle.trait.user,battle.trait,base.group_user_regular,r,
access_battle_trait_admin,battle.trait.admin,battle.trait,base.group_system,crud,
access_battle_location_user,battle.location.user,battle.location,base.group_user_regular,r,
access_battle_location_admin,battle.location.admin,battle.location,base.group_system,crud,
access_battle_solver_user,battle.solver.user,battle.solver,base.group_user_regular,r,
access_battle_solver_admin,battle.solver.admin,battle.solver,base.group_system,crud,
access_battle_faction_user,battle.faction.user,battle.faction,base.group_user_regular,r,
access_battle_faction_admin,battle.faction.admin,battle.faction,base.group_system,crud,
access_battle_unit_template_user,battle.unit.template.user,battle.unit.template,base.group_user_regular,r,
access_battle_unit_template_admin,battle.unit.template.admin,battle.unit.template,base.group_system,crud,
access_battle_outcome_user,battle.outcome.user,battle.outcome,base.group_user_regular,r,
access_battle_outcome_admin,battle.outcome.admin,battle.outcome,base.group_system,crud,
access_battle_round_user,battle.round.user,battle.round,base.group_user_regular,r,
access_battle_round_admin,battle.round.admin,battle.round,base.group_system,crud,
access_battle_result_user,battle.result.user,battle.result,base.group_user_regular,r,
access_battle_result_admin,battle.result.admin,battle.result,base.group_system,crud,
access_battle_leader_user,battle.leader.user,battle.leader,base.group_user_regular,r,
access_battle_leader_admin,battle.leader.admin,battle.leader,base.group_system,crud,
access_battle_unit_sheet_wizard_user,battle.unit.sheet.wizard.user,battle.unit.sheet.wizard,base.group_user_regular,crud,
access_battle_solver_line_user,battle.solver.line.user,battle.solver.line,base.group_user_regular,r,
access_battle_solver_line_admin,battle.solver.line.admin,battle.solver.line,base.group_system,crud,
access_battle_result_line_user,battle.result.line.user,battle.result.line,base.group_user_regular,r,
access_battle_result_line_admin,battle.result.line.admin,battle.result.line,base.group_system,crud,
access_battle_command_action_user,battle.command.action.user,battle.command.action,base.group_user_regular,r,
access_battle_command_action_admin,battle.command.action.admin,battle.command.action,base.group_system,crud,
access_battle_location_effect_user,battle.location.effect.user,battle.location.effect,base.group_user_regular,r,
access_battle_location_effect_admin,battle.location.effect.admin,battle.location.effect,base.group_system,crud,
